date, pm25, pm10, no2, so2, co
2024/12/1, 58, 23, 125, 2, 5
2024/12/2, 53, 35, 47, 1, 5
2024/12/3, 74, 54, , 1, 5
2024/12/4, 89, 74, , 1, 10
2024/12/5, 130, 67, , 1, 11
2024/12/6, 116, 95, , 1, 8
2024/12/7, 155, 27, , 1, 3
2024/12/8, 64, 50, , 1, 3
2024/12/9, 84, 153, 118, 1, 3
2024/12/10, 129, 161, 146, 1, 8
2024/12/11, 135, 181, 34, 1, 9
2024/12/12, 132, 181, , 1, 12
2024/12/13, 125, 111, , 1, 9
2024/12/14, 106, 21, , 1, 7
2024/12/15, 58, 126, , 1, 2
2024/12/16, 57, 147, , 1, 7
2024/12/17, 121, 34, , 1, 12
2024/12/18, 51, , , , 
2024/11/1, 59, 38, 115, 1, 7
2024/11/2, 53, 34, 118, 1, 7
2024/11/3, 86, 49, 127, 1, 7
2024/11/4, 79, 44, 21, 1, 6
2024/11/5, 83, 20, , 1, 8
2024/11/6, 45, 16, 10, 1, 1
2024/11/7, 50, 38, , 1, 2
2024/11/8, 52, 135, , 1, 6
2024/11/9, 56, 79, , 1, 4
2024/11/10, 43, 77, , 1, 4
2024/11/11, 55, 141, , 1, 4
2024/11/12, 97, 48, , 1, 4
2024/11/13, 107, 19, , 1, 1
2024/11/14, 58, 1, , 1, 10
2024/11/15, 123, 1, , 1, 6
2024/11/16, 101, 13, , 1, 7
2024/11/17, 48, 57, , 1, 10
2024/11/18, 81, 59, , 1, 7
2024/11/19, 92, , , , 
2024/11/20, 81, , , , 
2024/11/21, 75, , , , 
2024/11/22, 69, , , , 
2024/11/23, 109, , , , 
2024/11/24, 131, , , , 
2024/11/25, 113, , , , 
2024/11/26, 105, , , , 
2024/11/27, 96, 110, 153, 2, 19
2024/11/28, 92, 55, 148, 2, 14
2024/11/29, 78, 38, 134, 1, 6
2024/11/30, 70, 31, 124, 1, 5
2024/10/9, 78, , , , 
2024/10/10, 61, , , , 
2024/10/11, 45, 23, 104, 1, 2
2024/10/12, 28, 11, 98, 1, 4
2024/10/13, 88, 42, 121, 1, 6
2024/10/14, 62, 42, 117, 1, 5
2024/10/15, 52, 20, 94, 1, 2
2024/10/16, 41, 29, 108, 1, 4
2024/10/17, 40, 18, 110, 1, 3
2024/10/18, 40, 20, 9, 1, 4
2024/10/19, 75, 38, , 1, 5
2024/10/20, 86, 52, , 1, 5
2024/10/21, 81, , , , 
2024/10/22, 79, , , , 
2024/10/23, 66, , , , 
2024/10/24, 43, , , , 
2024/10/25, 44, , , , 
2024/10/26, 56, , , , 
2024/10/27, 85, , , , 
2024/10/28, 36, , , , 
2024/10/29, 41, , , , 
2024/10/30, 90, , , , 
2024/10/31, 76, 54, 97, 2, 10
2024/7/1, 44, 16, 2, 1, 3
2024/7/2, 40, 17, 4, 1, 3
2024/7/3, 40, 14, 5, 1, 3
2024/7/4, 36, 52, 5, 1, 4
2024/7/5, 74, 10, 2, 1, 4
2024/7/6, 22, 18, 5, 1, 3
2024/7/7, 36, 13, 1, 1, 4
2024/7/8, 32, 9, 2, 1, 2
2024/7/9, 25, 13, 2, , 3
2024/7/10, 32, 13, 3, , 4
2024/7/11, 23, 16, 4, 1, 3
2024/7/12, 27, 18, 6, 1, 3
2024/7/13, 34, 18, 6, 1, 5
2024/7/14, 25, 21, 5, 1, 2
2024/7/15, 44, 20, 2, 1, 3
2024/7/16, 34, 17, 4, 1, 4
2024/7/17, 33, 12, 1, 1, 2
2024/7/18, 29, 10, 3, 1, 3
2024/7/19, 21, 14, , , 3
2024/7/20, 31, 18, , 1, 3
2024/7/21, 36, 24, , 1, 3
2024/7/22, 44, 20, 5, 1, 4
2024/7/23, 34, 19, 18, 1, 5
2024/7/24, 44, 23, 26, 1, 5
2024/7/25, 39, 17, 25, 1, 5
2024/7/26, 36, 21, 26, 1, 5
2024/7/27, 42, 19, 19, 1, 4
2024/7/28, 36, 22, 59, 1, 3
2024/7/29, 45, 18, 66, 1, 5
2024/7/30, 36, 21, 68, 1, 4
2024/7/31, 38, 24, 73, 1, 4
2024/8/1, 43, 26, 73, 1, 6
2024/8/2, 45, 21, 66, 1, 5
2024/8/3, 42, 22, 73, 1, 4
2024/8/4, 40, 18, 96, 2, 5
2024/8/5, 37, 21, 110, 1, 5
2024/8/6, 33, 18, 92, 1, 3
2024/8/7, 25, , , , 
2024/8/8, 44, , , , 
2024/8/9, 43, 40, 136, 2, 4
2024/8/10, 50, 18, 70, 1, 3
2024/8/11, 41, 21, 99, 1, 5
2024/8/12, 40, 12, 79, 2, 3
2024/8/13, 28, 24, 98, 1, 5
2024/8/14, 41, 26, 92, 2, 4
2024/8/15, 41, 23, 98, 1, 7
2024/8/16, 51, 26, 98, 1, 6
2024/8/17, 51, 14, 17, 1, 2
2024/8/18, 45, 19, , 2, 5
2024/8/19, 24, 13, , 1, 3
2024/8/20, 33, , , , 
2024/8/21, 43, 23, , 1, 1
2024/8/22, 39, 21, , 2, 5
2024/8/23, 49, 16, , 1, 3
2024/8/24, 38, 21, , 1, 3
2024/8/25, 43, 27, , 1, 2
2024/8/26, 49, 22, , 1, 3
2024/8/27, 44, 26, , 1, 4
2024/8/28, 50, 18, , 1, 4
2024/8/29, 31, 18, , 1, 2
2024/8/30, 37, 27, , 1, 4
2024/8/31, 49, 19, , 2, 3
2024/9/1, 38, 18, , 1, 3
2024/9/2, 34, 13, , 1, 1
2024/9/3, 21, 22, , 1, 5
2024/9/4, 41, 19, , 2, 5
2024/9/5, 32, , , , 
2024/9/6, 33, , , , 
2024/9/7, 28, , , , 
2024/9/8, 46, , , , 
2024/9/9, 44, , , , 
2024/9/10, 23, , , , 
2024/9/11, 36, , , , 
2024/9/12, 37, 18, 101, 1, 2
2024/9/13, 35, 23, 116, 1, 3
2024/9/14, 39, 34, 125, 2, 5
2024/9/15, 60, 36, 132, 1, 5
2024/9/16, 58, 26, 116, 1, 4
2024/9/17, 51, 34, 120, 1, 3
2024/9/18, 53, 35, 26, 1, 6
2024/9/19, 52, 27, , 1, 5
2024/9/20, 54, 27, , 1, 4
2024/9/21, 48, 41, , 1, 4
2024/9/22, 75, 37, , 1, 5
2024/9/23, 62, 33, , 2, 3
2024/9/24, 57, 32, , 2, 5
2024/9/25, 57, 21, , 1, 3
2024/9/26, 51, 14, , 1, 3
2024/9/27, 42, 14, , 1, 
2024/9/28, 41, 54, , 2, 4
2024/9/29, 46, 46, , 2, 4
2024/9/30, 40, 47, 125, 1, 11
2024/4/1, 59, 43, 13, 1, 6
2024/4/2, 66, 21, 10, 1, 4
2024/4/3, 39, 31, 10, 1, 4
2024/4/4, 58, 34, 12, 1, 5
2024/4/5, 63, 27, 10, 1, 3
2024/4/6, 54, 14, 4, 1, 2
2024/4/7, 29, 27, 12, 1, 5
2024/4/8, 42, 18, 7, 1, 3
2024/4/9, 33, 10, 7, 1, 5
2024/4/10, 27, 37, 12, 1, 6
2024/4/11, 56, 29, 7, 1, 6
2024/4/12, 48, 47, 10, 1, 7
2024/4/13, 86, 34, 6, 1, 6
2024/4/14, 54, 47, 10, 1, 7
2024/4/15, 74, 24, 3, 1, 3
2024/4/16, 43, 9, 3, 1, 4
2024/4/17, 29, 12, 7, 1, 4
2024/4/18, 37, 32, 10, 1, 4
2024/4/19, 51, 24, 8, 1, 4
2024/4/20, 50, 27, 7, 1, 4
2024/4/21, 58, 34, 10, 1, 5
2024/4/22, 66, 26, 9, 1, 4
2024/4/23, 49, 16, 8, 1, 2
2024/4/24, 35, 12, 6, 1, 2
2024/4/25, 27, 18, 4, 1, 4
2024/4/26, 44, 26, 7, 1, 3
2024/4/27, 49, 34, 6, 1, 3
2024/4/28, 59, 28, 9, 1, 7
2024/4/29, 43, 25, 10, 1, 5
2024/4/30, 47, 15, 8, 1, 4
2024/5/1, 30, 15, 5, 1, 3
2024/5/2, 32, 19, 10, 1, 4
2024/5/3, 41, 47, 10, 1, 7
2024/5/4, 51, , 7, 1, 4
2024/5/5, 47, , 4, 1, 3
2024/5/6, 45, , 5, 1, 4
2024/5/7, 33, , 9, 1, 5
2024/5/8, 33, , 8, 1, 4
2024/5/9, 39, , 7, 1, 5
2024/5/10, 48, , 5, 1, 3
2024/5/11, 34, , 5, 1, 3
2024/5/12, 41, , 4, 1, 5
2024/5/13, 38, , 7, 1, 3
2024/5/14, 25, , 13, 1, 7
2024/5/15, 49, , 7, 1, 4
2024/5/16, 57, , 4, 1, 4
2024/5/17, 54, , 5, 1, 5
2024/5/18, 52, 13, 2, 1, 2
2024/5/19, 33, 19, 4, 1, 4
2024/5/20, 40, 45, 6, 1, 3
2024/5/21, 70, 32, 5, 1, 4
2024/5/22, 48, 24, 4, 1, 4
2024/5/23, 41, 35, 5, 1, 3
2024/5/24, 51, 11, 2, 1, 1
2024/5/25, 19, 10, 1, 1, 1
2024/5/26, 26, 13, 6, 1, 5
2024/5/27, 20, 12, 6, 1, 4
2024/5/28, 24, 19, 11, 1, 5
2024/5/29, 48, 19, 10, 1, 4
2024/5/30, 41, 14, 9, 1, 4
2024/5/31, 33, 17, 11, 1, 4
2024/6/1, 34, 12, 9, 1, 3
2024/6/2, 28, 14, 7, 1, 3
2024/6/3, 34, 16, 8, 1, 2
2024/6/4, 34, 20, 11, 1, 3
2024/6/5, 41, 21, 14, 1, 4
2024/6/6, 40, 12, 9, 1, 4
2024/6/7, 23, 21, 9, 1, 4
2024/6/8, 43, 34, 10, 1, 5
2024/6/9, 52, 20, 9, 1, 4
2024/6/10, 42, 17, 8, 1, 3
2024/6/11, 33, 10, 4, 1, 3
2024/6/12, 23, 11, 7, 1, 5
2024/6/13, 31, 16, 5, 1, 4
2024/6/14, 32, 20, 7, 1, 4
2024/6/15, 40, 25, 7, 1, 3
2024/6/16, 48, 24, 8, 1, 3
2024/6/17, 49, 20, 6, 1, 3
2024/6/18, 40, 18, 5, 1, 1
2024/6/19, 41, 27, 5, 1, 3
2024/6/20, 52, 28, 8, 1, 5
2024/6/21, 52, 17, 5, 1, 4
2024/6/22, 34, 13, 7, 1, 4
2024/6/23, 27, 12, 6, 1, 2
2024/6/24, 32, 14, 5, 1, 3
2024/6/25, 30, 24, 10, 1, 5
2024/6/26, 47, 21, 7, 1, 2
2024/6/27, 51, 25, 8, 1, 3
2024/6/28, 50, 25, 6, 1, 2
2024/6/29, 49, 27, 5, 1, 5
2024/6/30, 51, 25, 2, 1, 3
2024/1/1, 134, 33, 7, 1, 6
2024/1/2, 58, 62, 5, 1, 5
2024/1/3, 98, 68, 2, 1, 14
2024/1/4, 119, 67, 12, 1, 19
2024/1/5, 94, 48, , 1, 10
2024/1/6, 87, 86, , 1, 15
2024/1/7, 116, 49, , 1, 11
2024/1/8, 92, 52, , 1, 16
2024/1/9, 85, 76, , 1, 17
2024/1/10, 115, 63, , 1, 7
2024/1/16, 94, 48, , 1, 6
2024/1/17, 101, 95, , 1, 15
2024/1/18, 168, 60, , 1, 13
2024/1/19, 99, 57, , 1, 4
2024/1/20, 108, 49, , 1, 4
2024/1/21, 96, 99, , 1, 14
2024/1/22, 160, 77, , 1, 17
2024/1/23, 143, 112, , 1, 18
2024/1/24, 124, 74, , 1, 15
2024/1/25, 135, 41, , 1, 5
2024/1/26, 78, 92, , 1, 9
2024/1/27, 151, 96, , 1, 8
2024/1/28, 151, 107, , 1, 11
2024/1/29, 171, 75, , 1, 11
2024/1/30, 114, 47, 11, 1, 1
2024/1/31, 141, 45, 16, 1, 6
2024/2/1, 91, 29, 12, 1, 4
2024/2/2, 68, 77, 22, 1, 11
2024/2/3, 146, 76, 20, 1, 9
2024/2/4, 132, 73, 22, 1, 11
2024/2/5, 114, 126, 25, 1, 15
2024/2/6, 149, 92, 25, 1, 15
2024/2/7, 104, 25, 10, 1, 6
2024/2/8, 50, 65, 20, 1, 14
2024/2/9, 106, 74, 24, 1, 10
2024/2/10, 94, 38, 21, 1, 6
2024/2/11, 67, 34, 12, 1, 3
2024/2/12, 67, 80, 23, 1, 9
2024/2/13, 135, 92, 22, 1, 21
2024/2/14, 136, 38, 17, 1, 10
2024/2/15, 55, 30, 10, 1, 2
2024/2/16, 67, 38, , 1, 4
2024/2/17, 89, 73, , 1, 6
2024/2/18, 159, 27, , 1, 3
2024/2/19, 77, 47, , 1, 5
2024/2/20, 114, 97, , 1, 10
2024/2/21, 162, 88, , 1, 11
2024/2/22, 135, 63, , 1, 6
2024/2/23, 129, 43, , 1, 2
2024/2/24, 80, 63, , 1, 3
2024/2/25, 124, 74, , 1, 4
2024/2/26, 141, 58, , 1, 5
2024/2/27, 132, , , 1, 11
2024/2/28, 160, 103, 5, 1, 9
2024/2/29, 159, 84, 16, 1, 8
2024/3/1, 150, 75, 13, 1, 5
2024/3/2, 138, 68, 12, 1, 4
2024/3/3, 114, 43, 14, 1, 4
2024/3/4, 74, 64, 19, 1, 6
2024/3/5, 108, 94, 22, 1, 9
2024/3/6, 150, 47, 15, 1, 6
2024/3/7, 76, 51, 13, 1, 5
2024/3/8, 87, 63, 19, 1, 7
2024/3/9, 89, 47, 15, 1, 5
2024/3/10, 73, 62, 10, 1, 5
2024/3/11, 94, 36, 10, 1, 5
2024/3/12, 60, 18, 6, 1, 4
2024/3/13, 38, 23, 5, 1, 3
2024/3/14, 42, 24, 6, 1, 1
2024/3/15, 63, 71, 12, 1, 6
2024/3/16, 123, 64, 11, 1, 5
2024/3/17, 106, 73, 15, 1, 8
2024/3/18, 86, 38, 14, 1, 6
2024/3/19, 63, 50, 19, 1, 10
2024/3/20, 92, 53, 10, 1, 6
2024/3/21, 94, 10, 5, 1, 1
2024/3/22, 23, 25, 5, , 2
2024/3/23, 45, 39, 9, 1, 5
2024/3/24, 53, 42, 11, 1, 7
2024/3/25, 62, 43, 15, 1, 6
2024/3/26, 63, 37, 10, 1, 5
2024/3/27, 49, 33, 8, 1, 3
2024/3/28, 58, 15, 5, , 2
2024/3/29, 39, 10, 4, , 2
2024/3/30, 31, 24, 4, 1, 2
2024/3/31, 47, 42, 6, 1, 5
2023/10/1, 45, 1, 10, 1, 5
2023/10/2, 51, 1, 13, 1, 7
2023/10/3, 58, , 12, 1, 6
2023/10/4, 57, 1, 18, 1, 8
2023/10/5, 70, 1, 13, 1, 7
2023/10/6, 68, , 8, 1, 5
2023/10/7, 54, , 6, 1, 5
2023/10/8, 38, , 9, 1, 5
2023/10/9, 36, , 17, 1, 9
2023/10/10, 57, , 14, 1, 9
2023/10/11, 38, , 17, 1, 9
2023/10/12, 47, 1, 8, 1, 3
2023/10/13, 47, , 2, 1, 2
2023/10/14, 23, 1, 5, 1, 7
2023/10/15, 61, 43, 8, 1, 7
2023/10/16, 65, 51, 11, 1, 9
2023/10/17, 68, 46, 11, 1, 7
2023/10/18, 72, 39, 13, 1, 7
2023/10/19, 65, 64, 15, 1, 10
2023/10/20, 95, 36, 13, 1, 6
2023/10/21, 61, 37, 10, 1, 6
2023/10/22, 64, 25, 8, 1, 4
2023/10/23, 52, 26, 2, 1, 4
2023/10/24, 35, 36, 9, 1, 9
2023/10/25, 64, 23, 12, 1, 9
2023/10/26, 41, 28, 4, 1, 3
2023/10/27, 52, 54, 5, 1, 10
2023/10/28, 82, 35, 9, 1, 8
2023/10/29, 52, 30, 9, 1, 7
2023/10/30, 58, 20, 8, 1, 5
2023/10/31, 42, 29, 6, 1, 6
2023/11/1, 50, 39, 6, 1, 5
2023/11/2, 59, 43, 1, 1, 10
2023/11/3, 85, 73, , 1, 12
2023/11/4, 111, 65, , 1, 10
2023/11/5, 112, 69, , 1, 8
2023/11/6, 106, 84, , 1, 13
2023/11/7, 136, 64, , 1, 15
2023/11/8, 112, 11, , 1, 4
2023/11/9, 33, 10, , 1, 4
2023/11/10, 25, 50, , 1, 11
2023/11/11, 84, 22, , 1, 4
2023/11/12, 57, 26, , 1, 4
2023/11/13, 50, 46, , 1, 8
2023/11/14, 67, 65, , 1, 11
2023/11/15, 111, 41, , 1, 16
2023/11/16, 60, 62, , 1, 18
2023/11/17, 92, 33, , 1, 9
2023/11/18, 52, 34, , 1, 3
2023/11/19, 73, 42, , 1, 7
2023/11/20, 68, 53, , 1, 11
2023/11/21, 82, 36, , 1, 11
2023/11/22, 68, 12, , 1, 4
2023/11/23, 32, 42, , 1, 12
2023/11/24, 80, 40, , 1, 6
2023/11/25, 62, 68, , 1, 10
2023/11/26, 111, 74, 5, 1, 14
2023/11/27, 125, 84, 16, 1, 20
2023/11/28, 116, 49, 17, 1, 15
2023/11/29, 64, 37, 10, 1, 6
2023/11/30, 73, 32, 4, 1, 4
2023/12/1, 55, 35, 11, 1, 7
2023/12/2, 58, 37, 18, 1, 10
2023/12/3, 60, 39, 12, 1, 7
2023/12/4, 82, 73, 16, 1, 17
2023/12/5, 125, 33, 15, 1, 10
2023/12/6, 48, 39, 9, 1, 3
2023/12/7, 62, 43, 10, 1, 4
2023/12/8, 80, 33, 12, 1, 4
2023/12/9, 78, 57, 11, 1, 3
2023/12/10, 100, 80, 15, 1, 6
2023/12/11, 143, 22, 10, 1, 2
2023/12/12, 63, 59, 15, 1, 7
2023/12/13, 125, 79, 20, 1, 12
2023/12/14, 168, 52, 19, 1, 13
2023/12/15, 115, 164, 21, 1, 16
2023/12/16, 193, 232, 20, 1, 15
2023/12/17, 204, 131, 20, 1, 17
2023/12/18, 187, 59, 16, 1, 13
2023/12/19, 115, 48, 13, 1, 10
2023/12/20, 89, 84, 14, 1, 12
2023/12/21, 131, 58, 14, 1, 10
2023/12/22, 126, 66, 19, 1, 15
2023/12/23, 101, 23, 9, 1, 9
2023/12/24, 49, 123, 19, 1, 19
2023/12/25, 118, 27, 7, 1, 6
2023/12/26, 59, 37, 6, 1, 7
2023/12/27, 67, 24, 5, 1, 8
2023/12/28, 55, 32, 7, 1, 7
2023/12/29, 81, 21, 6, 1, 3
2023/12/30, 52, 59, 12, 1, 9
2023/12/31, 85, 86, 12, 1, 11
2023/7/1, 22, 18, 25, 1, 5
2023/7/2, 33, 27, 27, 1, 5
2023/7/3, 45, 22, 22, 1, 4
2023/7/4, 42, 12, 14, 1, 4
2023/7/5, 31, 20, 14, 1, 4
2023/7/6, 36, 16, 15, 1, 5
2023/7/7, 32, 15, 14, 1, 3
2023/7/8, 21, 19, 15, 1, 5
2023/7/9, 51, 21, 15, 1, 4
2023/7/10, 35, 18, 16, 1, 3
2023/7/11, 37, 31, 23, 1, 4
2023/7/12, 53, 31, 23, 1, 7
2023/7/13, 56, 19, 21, 1, 5
2023/7/14, 37, 17, 13, 1, 2
2023/7/15, 38, 18, 12, 1, 4
2023/7/16, 38, 18, 17, 1, 4
2023/7/17, 37, 19, 18, 1, 6
2023/7/18, 41, 24, 19, 1, 6
2023/7/19, 43, 41, 7, 1, 3
2023/7/20, 58, 33, 12, 1, 6
2023/7/21, 62, 22, 7, 1, 5
2023/7/22, 38, 20, 7, 1, 3
2023/7/23, 44, 20, 10, 1, 5
2023/7/24, 32, 21, 10, 1, 4
2023/7/25, 38, 25, 14, 1, 6
2023/7/26, 35, 22, 13, 1, 6
2023/7/27, 41, 28, 4, 1, 5
2023/7/28, 45, 23, 4, 1, 3
2023/7/29, 41, 32, 9, 1, 6
2023/7/30, 50, 21, 11, 1, 5
2023/7/31, 37, 22, 9, 1, 6
2023/8/1, 36, 16, 7, 1, 4
2023/8/2, 32, 18, 6, 1, 5
2023/8/3, 35, 21, 8, 1, 5
2023/8/4, 39, 21, 10, 1, 4
2023/8/5, 37, 15, 7, 1, 4
2023/8/6, 28, 14, 5, 1, 4
2023/8/7, 30, 15, 6, 1, 4
2023/8/8, 25, 16, 6, 1, 5
2023/8/9, 33, 21, 8, 1, 6
2023/8/10, 39, 17, 6, 1, 5
2023/8/11, 35, 17, 5, 1, 5
2023/8/12, 33, 22, 4, 1, 4
2023/8/13, 37, 16, 5, 1, 5
2023/8/14, 33, 13, 7, 1, 7
2023/8/15, 26, 12, 11, 1, 9
2023/8/16, 21, 16, 12, 1, 7
2023/8/17, 31, 19, 13, 1, 6
2023/8/18, 43, 20, 10, 1, 6
2023/8/19, 42, 23, 8, 1, 6
2023/8/20, 48, 23, 8, 1, 5
2023/8/21, 38, 20, 9, 1, 7
2023/8/22, 45, 20, 12, 1, 3
2023/8/23, 34, 20, 11, 1, 5
2023/8/24, 41, 22, 8, 1, 5
2023/8/25, 32, 23, 9, 1, 6
2023/8/26, 44, 13, 4, 1, 3
2023/8/27, 36, 7, 2, 1, 3
2023/8/28, 27, 16, 6, 1, 5
2023/8/29, 26, 22, 7, 1, 5
2023/8/30, 38, 15, 4, 1, 5
2023/8/31, 33, 12, 5, 1, 6
2023/9/1, 28, 22, 7, 1, 6
2023/9/2, 47, 18, 7, 1, 4
2023/9/3, 42, 12, 6, 1, 4
2023/9/4, 28, 10, 7, 1, 4
2023/9/5, 21, 23, 10, 1, 6
2023/9/6, 52, 15, 7, 1, 6
2023/9/7, 32, 26, 11, 1, 6
2023/9/8, 51, 23, 10, 1, 7
2023/9/9, 41, 21, 8, 1, 5
2023/9/10, 38, 32, 12, 1, 6
2023/9/11, 59, 34, 5, 1, 4
2023/9/12, 61, 46, 9, 1, 5
2023/9/13, 70, 34, 11, 1, 6
2023/9/14, 61, 30, 6, 1, 9
2023/9/15, 56, 44, 6, 1, 8
2023/9/16, 71, 37, 6, 1, 4
2023/9/17, 62, 37, 8, 1, 7
2023/9/18, 64, 42, 11, 1, 7
2023/9/19, 68, 17, 5, 1, 4
2023/9/20, 39, 1, 5, 1, 5
2023/9/21, 25, 1, 4, 1, 6
2023/9/22, 32, 1, 7, 1, 5
2023/9/23, 32, 1, 8, 1, 4
2023/9/24, 32, , 10, 1, 7
2023/9/25, 46, 1, 14, 1, 8
2023/9/30, 45, 1, 12, 1, 8
2023/4/1, 72, , , 1, 4
2023/4/2, 85, , , 1, 7
2023/4/3, 93, , , 1, 6
2023/4/4, 85, 55, 8, 1, 7
2023/4/5, 80, 45, 19, 1, 4
2023/4/6, 81, 33, 23, 1, 7
2023/4/7, 71, 23, 17, 1, 5
2023/4/8, 46, 15, 13, 1, 3
2023/4/9, 43, 35, 24, 1, 6
2023/4/10, 70, 6, 16, 1, 5
2023/4/11, 19, 24, 20, 1, 7
2023/4/12, 39, 35, 31, 1, 9
2023/4/13, 51, 42, 42, 1, 13
2023/4/14, 74, 26, 28, 1, 7
2023/4/15, 52, 17, 20, 1, 5
2023/4/16, 37, 20, 21, 1, 3
2023/4/17, 42, 20, 12, 1, 3
2023/4/18, 43, 28, 18, 1, 5
2023/4/19, 43, 45, 23, 1, 5
2023/4/20, 72, 19, 22, 1, 5
2023/4/21, 52, 25, 27, 1, 5
2023/4/22, 46, 40, 38, 1, 7
2023/4/23, 68, 19, 34, 1, 7
2023/4/24, 38, 16, 20, 1, 5
2023/4/25, 40, 26, 22, 1, 4
2023/4/26, 46, 35, 32, 1, 5
2023/4/27, 57, 42, 42, 1, 8
2023/4/28, 78, 33, 27, 1, 5
2023/4/29, 77, 16, 22, 1, 3
2023/4/30, 52, 21, 11, 1, 1
2023/5/1, 39, 26, 17, 1, 4
2023/5/2, 49, 23, 17, 1, 2
2023/5/3, 46, 12, 19, 1, 3
2023/5/4, 35, 10, 23, 1, 3
2023/5/5, 41, 17, 24, 1, 3
2023/5/6, 41, 24, 26, 1, 4
2023/5/7, 51, 21, 25, 1, 3
2023/5/8, 58, 25, 25, 1, 5
2023/5/9, 62, 24, 32, 1, 7
2023/5/10, 50, 21, 37, 1, 6
2023/5/11, 53, 11, 3, 1, 6
2023/5/12, 55, 15, , 1, 6
2023/5/13, 49, 16, , 1, 4
2023/5/14, 34, 22, , 1, 6
2023/5/15, 45, 33, , 1, 7
2023/5/16, 59, 28, , 1, 6
2023/5/17, 55, 22, , 1, 6
2023/5/18, 44, 19, , 1, 3
2023/5/19, 46, 17, , 1, 3
2023/5/20, 36, 14, , 1, 3
2023/5/21, 35, 18, , 1, 4
2023/5/22, 39, 17, , 1, 4
2023/5/23, 36, 18, , 1, 5
2023/5/24, 34, 26, , 1, 5
2023/5/25, 48, 17, , 1, 4
2023/5/26, 45, 13, , 1, 2
2023/5/27, 40, 12, , 1, 3
2023/5/28, 39, 19, , 1, 5
2023/5/29, 45, 19, , 1, 5
2023/5/30, 46, 18, , 1, 5
2023/5/31, 43, 13, , 1, 4
2023/6/1, 36, 11, , 1, 5
2023/6/2, 33, 16, , 1, 6
2023/6/3, 38, 15, , 1, 6
2023/6/4, 39, 17, , 1, 6
2023/6/5, 45, 15, , 2, 6
2023/6/6, 45, 12, , 2, 6
2023/6/7, 42, 16, , 2, 4
2023/6/8, 37, 20, 8, 2, 6
2023/6/9, 46, 29, 14, 1, 5
2023/6/10, 56, 29, 11, 1, 3
2023/6/11, 52, 31, 15, 1, 4
2023/6/12, 57, 44, 25, 1, 6
2023/6/13, 78, 29, 18, 1, 4
2023/6/14, 50, 30, 15, 1, 3
2023/6/15, 55, 16, 24, 1, 4
2023/6/16, 34, 23, 33, 1, 4
2023/6/17, 56, 19, 30, 1, 4
2023/6/18, 50, 19, 23, 1, 4
2023/6/19, 39, 30, 18, 1, 5
2023/6/20, 46, 22, 20, 1, 5
2023/6/21, 47, 24, 15, 1, 2
2023/6/22, 43, 31, 21, 1, 5
2023/6/23, 56, 29, 24, 1, 4
2023/6/24, 51, 21, 18, 1, 5
2023/6/25, 46, 12, 13, 1, 2
2023/6/26, 23, 22, 27, 1, 5
2023/6/27, 44, 15, 21, 1, 6
2023/6/28, 45, 13, 19, 1, 5
2023/6/29, 33, 17, 24, 1, 5
2023/6/30, 34, 15, 22, 1, 4
2023/1/2, 68, 40, , 1, 11
2023/1/3, 75, 29, , 1, 11
2023/1/4, 61, 75, , 1, 20
2023/1/5, 123, 42, , 1, 21
2023/1/6, 77, 68, , 1, 17
2023/1/7, 117, 100, , 1, 19
2023/1/8, 136, 66, , 1, 15
2023/1/9, 100, 22, , 1, 5
2023/1/10, 52, 16, , 1, 2
2023/1/11, 53, 34, , 1, 7
2023/1/12, 81, 66, , 1, 14
2023/1/13, 153, 112, , 1, 18
2023/1/14, 188, 193, , 1, 23
2023/1/15, 242, 183, , 1, 28
2023/1/16, 258, 109, , 1, 22
2023/1/17, 190, 161, , 1, 28
2023/1/18, 220, 121, , 1, 24
2023/1/19, 212, 181, , 1, 30
2023/1/20, 206, 127, , 1, 19
2023/1/21, 179, 103, , 1, 12
2023/1/22, 176, 125, , 1, 20
2023/1/23, 206, 107, , 1, 14
2023/1/24, 136, 99, , 1, 21
2023/1/25, 155, 98, , 1, 17
2023/1/26, 192, 139, , 1, 23
2023/1/27, 176, 164, , 1, 24
2023/1/28, 242, 80, , 1, 10
2023/1/29, 128, 174, , 1, 22
2023/1/30, 206, 50, , 1, 17
2023/1/31, 127, 105, , 1, 20
2023/2/1, 140, 166, , 1, 26
2023/2/2, 202, 82, , 1, 17
2023/2/3, 115, 68, , 1, 14
2023/2/4, 114, 44, , 1, 11
2023/2/5, 76, 66, , 1, 13
2023/2/6, 107, 110, , 1, 23
2023/2/7, 171, 106, , 1, 20
2023/2/8, 176, 81, , 1, 14
2023/2/9, 128, 17, , 1, 2
2023/2/10, 52, 50, , 1, 7
2023/2/11, 101, 42, , 1, 9
2023/2/12, 75, 54, , 1, 7
2023/2/13, 96, 86, , 1, 14
2023/2/14, 150, 72, , 1, 13
2023/2/15, 129, 93, , 1, 9
2023/2/16, 152, 129, , 1, 13
2023/2/17, 174, 62, , 1, 6
2023/2/18, 81, , , 1, 9
2023/2/19, 137, , , 1, 21
2023/2/20, 170, , , 1, 19
2023/2/21, 103, , , 1, 16
2023/2/22, 83, , , 1, 12
2023/2/23, 90, , , 1, 20
2023/2/24, 109, , , 1, 7
2023/2/25, 65, , , 1, 2
2023/2/26, 76, , , 1, 6
2023/2/27, 119, , , 1, 14
2023/2/28, 139, , , 1, 12
2023/3/1, 81, , , 1, 11
2023/3/2, 88, , , 1, 9
2023/3/3, 87, , , 1, 10
2023/3/4, 122, , , 1, 11
2023/3/5, 88, , , 1, 10
2023/3/6, 107, , , 1, 11
2023/3/7, 57, , , 1, 11
2023/3/8, 62, , , 1, 4
2023/3/9, 47, , , 1, 14
2023/3/10, 77, , , 1, 13
2023/3/11, 68, , , 1, 4
2023/3/12, 85, , , 1, 3
2023/3/13, 25, , , 1, 7
2023/3/14, 76, , , 1, 8
2023/3/15, 51, , , 1, 5
2023/3/16, 60, , , 1, 7
2023/3/17, 98, , , 1, 3
2023/3/18, 57, , , 1, 6
2023/3/19, 57, , , 1, 7
2023/3/20, 92, , , 1, 6
2023/3/21, 100, , , 1, 9
2023/3/22, 117, , , 1, 8
2023/3/23, 90, , , 1, 9
2023/3/24, 101, , , 1, 8
2023/3/25, 116, , , 1, 5
2023/3/26, 94, , , 1, 7
2023/3/27, 76, , , 1, 8
2023/3/28, 83, , , 1, 9
2023/3/29, 78, , , 1, 7
2023/3/30, 61, , , 1, 6
2023/3/31, 65, 5, , 1, 6
2022/10/1, 60, 20, , 2, 3
2022/10/2, 80, 35, , 2, 7
2022/10/3, 91, 18, , 1, 6
2022/10/4, 64, 22, , 1, 5
2022/10/5, 63, 33, 18, 2, 11
2022/10/6, 67, 46, 45, 2, 11
2022/10/7, 83, 39, 52, 2, 9
2022/10/8, 80, 21, 34, 2, 5
2022/10/9, 64, 20, 32, 2, 7
2022/10/10, 58, 24, 35, 1, 9
2022/10/11, 56, 44, 64, 3, 12
2022/10/12, 96, 37, 67, 2, 12
2022/10/13, 69, 29, 66, 2, 10
2022/10/14, 70, 60, 80, 2, 12
2022/10/15, 88, 42, 67, 2, 10
2022/10/16, 93, 28, 44, 3, 7
2022/10/17, 76, 20, 24, 1, 6
2022/10/18, 61, 21, 20, 1, 5
2022/10/19, 53, 19, 18, 1, 6
2022/10/20, 51, 48, 53, 4, 14
2022/10/21, 92, 34, 51, 2, 14
2022/10/22, 60, 30, 23, 2, 4
2022/10/23, 91, 28, 14, 1, 3
2022/10/24, 63, 42, 21, 1, 8
2022/10/25, 90, 23, 22, 1, 9
2022/10/26, 58, 8, 15, 1, 5
2022/10/27, 38, 29, 16, 1, 5
2022/10/28, 63, 50, , 2, 14
2022/10/29, 108, 37, , 1, 7
2022/10/30, 61, 18, , 1, 5
2022/10/31, 57, 32, , 1, 13
2022/11/1, 68, 37, , 1, 13
2022/11/2, 89, 35, , 1, 6
2022/11/3, 70, 53, , 1, 11
2022/11/4, 101, 36, , 2, 9
2022/11/5, 79, 70, , 1, 13
2022/11/6, 125, 69, , 1, 13
2022/11/7, 140, 10, , 1, 4
2022/11/8, 47, 13, 6, 1, 5
2022/11/9, 41, 39, 26, 1, 13
2022/11/10, 72, 40, 26, 2, 11
2022/11/11, 93, 45, 25, 2, 13
2022/11/12, 92, 61, 43, 2, 15
2022/11/13, 102, 42, 37, 2, 10
2022/11/14, 85, 44, 33, 2, 8
2022/11/15, 87, 18, 18, 1, 6
2022/11/16, 54, 39, 24, 2, 9
2022/11/17, 96, 82, 41, 2, 22
2022/11/18, 160, 88, 36, 2, 23
2022/11/19, 130, 22, 18, 2, 8
2022/11/20, 64, 23, 21, 2, 8
2022/11/21, 61, 18, 20, 2, 6
2022/11/22, 57, 24, 21, 2, 7
2022/11/23, 67, 83, 30, 2, 20
2022/11/24, 137, 41, 29, 2, 13
2022/11/25, 94, 29, 19, 2, 6
2022/11/26, 67, 55, 30, 2, 6
2022/11/27, 123, 101, 37, 2, 13
2022/11/28, 167, 92, 38, 1, 13
2022/11/29, 163, 143, 42, 1, 30
2022/11/30, 173, 34, , 1, 6
2022/12/1, 71, 83, , 1, 15
2022/12/2, 147, 93, , 1, 15
2022/12/3, 149, 58, , 1, 8
2022/12/4, 122, 81, , 1, 8
2022/12/5, 156, 79, , 1, 9
2022/12/13, 209, 124, , 1, 15
2022/12/14, 181, 196, , 1, 22
2022/12/15, 229, 119, , 1, 17
2022/12/16, 176, 34, , 1, 8
2022/12/17, 78, 65, , 1, 10
2022/12/18, 131, 97, , 1, 18
2022/12/19, 168, 74, , 2, 19
2022/12/20, 137, 96, , 2, 20
2022/12/21, 99, 39, , 1, 7
2022/12/22, 77, 82, , 1, 8
2022/12/23, 149, 91, , 1, 14
2022/12/24, 160, 104, , 1, 19
2022/12/25, 176, 178, , 1, 32
2022/12/26, 223, 141, , 1, 31
2022/12/27, 129, 90, , 1, 23
2022/12/28, 131, 60, , 1, 17
2022/12/29, 103, 39, , 1, 7
2022/12/30, 93, 83, , 1, 11
2022/12/31, 122, 54, , 1, 6
2023/1/1, 104, 34, , 1, 12
2022/9/6, 64, 23, 54, 2, 9
2022/9/7, 61, 21, 54, 2, 8
2022/9/8, 67, 17, 29, 1, 9
2022/9/9, 72, 25, 37, 2, 4
2022/9/10, 78, 35, 51, 2, 7
2022/9/11, 73, 24, 22, 1, 3
2022/9/12, 73, 23, 20, 1, 4
2022/9/13, 75, 26, 30, 2, 6
2022/9/14, 61, 18, 27, 2, 4
2022/9/15, 69, 23, 44, 2, 8
2022/9/16, 83, 25, 10, 2, 9
2022/9/17, 78, 28, , 2, 7
2022/9/18, 67, 7, , 2, 8
2022/9/19, 71, 32, , 2, 9
2022/9/20, 70, 34, , 2, 10
2022/9/21, 77, 27, , 2, 8
2022/9/22, 63, 28, , 2, 8
2022/9/23, 59, 24, , 2, 5
2022/9/24, 66, 27, , 2, 8
2022/9/25, 62, 17, , 2, 7
2022/9/26, 61, 26, , 2, 6
2022/9/27, 62, 20, , 2, 4
2022/9/28, 56, 15, , 3, 5
2022/9/29, 60, 22, , 2, 4
2022/9/30, 61, 19, , 2, 4
2022/4/1, 83, 26, 37, 2, 7
2022/4/2, 66, 49, 34, 2, 5
2022/4/3, 76, 50, 52, 2, 8
2022/4/4, 80, 52, 59, 3, 8
2022/4/5, 88, 36, 49, 2, 9
2022/4/6, 73, 25, 37, 2, 6
2022/4/7, 55, 26, 18, 2, 5
2022/4/8, 64, 39, 22, 2, 5
2022/4/9, 75, 27, 16, 2, 5
2022/4/10, 65, 25, 23, 2, 7
2022/4/11, 73, 32, 28, 2, 7
2022/4/12, 72, 23, 20, 2, 7
2022/4/13, 38, 27, 16, 2, 7
2022/4/14, 56, 23, , 2, 8
2022/4/15, 44, 17, , 2, 7
2022/4/16, 41, 20, , 2, 7
2022/4/17, 29, 40, , 2, 11
2022/4/18, 82, 23, , 2, 5
2022/4/19, 54, 51, , 2, 6
2022/4/20, 85, 45, , 2, 8
2022/4/21, 87, 33, , 2, 8
2022/4/22, 67, 10, , 2, 5
2022/4/23, 36, 17, , 2, 5
2022/4/24, 46, 20, , 2, 4
2022/4/25, 34, 22, , 2, 5
2022/4/26, 36, 25, , 2, 8
2022/4/27, 51, 16, 5, 2, 5
2022/4/28, 29, 32, 31, 2, 8
2022/4/29, 48, 35, 40, 2, 9
2022/4/30, 69, 33, 26, 2, 7
2022/5/1, 95, 26, 29, 2, 7
2022/1/3, 112, 21, 33, 2, 8
2022/1/4, 44, , , , 
2022/1/5, 110, 74, 14, 2, 6
2022/1/6, 112, , , , 
2022/1/9, 122, 58, 21, 1, 5
2022/1/10, 107, 56, 24, 1, 4
2022/1/11, 113, 78, 34, 1, 17
2022/1/12, 142, 26, 22, 1, 11
2022/1/13, 71, 28, 23, 1, 9
2022/1/14, 55, 39, 22, 2, 9
2022/1/15, 71, 40, 20, 1, 9
2022/1/16, 69, 53, 17, 1, 7
2022/1/17, 101, 52, 17, 1, 9
2022/1/18, 82, 52, 21, 1, 13
2022/1/19, 86, 18, 13, 1, 5
2022/1/20, 37, 50, 23, 1, 9
2022/1/21, 91, 86, 30, 1, 12
2022/1/22, 145, 89, 33, 2, 10
2022/1/23, 150, 38, 24, 2, 6
2022/1/24, 99, 85, 29, 2, 8
2022/1/25, 163, 66, 30, 1, 6
2022/1/26, 126, 86, 48, 1, 18
2022/1/27, 123, 98, 46, 1, 16
2022/1/28, 160, 74, 39, 1, 13
2022/1/29, 137, 52, 26, 2, 8
2022/1/30, 107, 96, 47, 1, 17
2022/1/31, 119, 108, 42, 2, 11
2022/2/1, 173, 102, 41, 2, 13
2022/2/2, 173, 113, 45, 2, 19
2022/2/3, 184, 114, 36, 1, 14
2022/2/4, 180, 94, 37, 2, 11
2022/2/5, 164, 68, 38, 2, 12
2022/2/6, 117, 23, 19, 1, 5
2022/2/7, 54, 54, 18, 1, 6
2022/2/8, 94, 40, 18, 1, 5
2022/2/9, 77, 45, 26, 1, 11
2022/2/10, 78, 74, 37, 2, 15
2022/2/11, 121, 82, 29, 2, 13
2022/2/12, 133, 64, 22, 1, 7
2022/2/13, 109, 49, 29, 2, 10
2022/2/14, 112, 18, 18, 2, 4
2022/2/15, 53, 26, 20, 1, 2
2022/2/16, 63, 42, 33, 1, 10
2022/2/17, 81, 59, 35, 2, 13
2022/2/18, 133, 85, 37, 2, 15
2022/2/19, 158, 112, 48, 2, 17
2022/2/20, 134, 75, 43, 2, 16
2022/2/21, 100, 68, 47, 2, 15
2022/2/22, 124, 63, 42, 2, 13
2022/2/23, 114, 72, 53, 2, 14
2022/2/24, 109, 84, 46, 2, 15
2022/2/25, 128, 112, 33, 2, 15
2022/2/26, 148, 102, 26, 2, 12
2022/2/27, 165, 79, 30, 2, 12
2022/2/28, 138, 63, 30, 2, 11
2022/3/1, 99, 44, 20, 2, 5
2022/3/2, 96, 34, 20, 2, 9
2022/3/3, 58, 39, 35, 2, 11
2022/3/4, 65, 49, 47, 2, 11
2022/3/5, 80, 48, 24, 2, 7
2022/3/6, 98, 31, 16, 2, 7
2022/3/7, 59, 22, 16, 2, 4
2022/3/8, 44, 43, 25, 2, 6
2022/3/9, 76, 28, 18, 2, 8
2022/3/10, 44, 49, 27, 2, 9
2022/3/11, 79, 26, 21, 2, 5
2022/3/12, 43, 28, 24, 2, 7
2022/3/13, 48, 29, 17, 1, 4
2022/3/14, 57, 38, 20, 2, 4
2022/3/15, 67, 32, 18, 2, 5
2022/3/16, 46, 75, 26, 2, 11
2022/3/17, 113, 21, 16, 1, 7
2022/3/18, 62, 18, 13, 2, 3
2022/3/19, 38, 34, 17, 2, 3
2022/3/20, 68, 42, 26, 2, 7
2022/3/21, 75, 27, 15, 2, 2
2022/3/22, 55, 35, 20, 2, 4
2022/3/23, 62, 27, 18, 2, 5
2022/3/24, 44, 57, 21, 2, 6
2022/3/25, 90, 74, 46, 2, 11
2022/3/26, 116, 14, 14, 2, 2
2022/3/27, 40, 44, 9, 1, 3
2022/3/28, 63, 35, 30, 3, 6
2022/3/29, 51, 28, 14, 2, 4
2022/3/30, 41, 36, 35, 2, 10
2022/3/31, 49, 40, 44, 3, 9
2021/10/1, 47, 24, , 2, 4
2021/10/2, 52, 18, , 1, 5
2021/10/3, 38, 16, , 1, 4
2021/10/4, 62, 16, , 1, 3
2021/10/5, 62, 16, , 1, 2
2021/10/6, 41, 57, , 1, 8
2021/10/7, 89, 44, , 1, 8
2021/10/8, 84, 54, , 1, 9
2021/10/9, 96, 18, , 2, 6
2021/10/10, 63, 26, , 1, 4
2021/11/4, 82, 50, , 1, 7
2021/11/5, 117, 68, , 1, 8
2021/11/6, 153, 78, , 1, 10
2021/11/7, 158, 118, , 1, 15
2021/11/8, 188, 80, , 1, 15
2021/11/9, 177, 102, , 1, 17
2021/11/10, 149, 83, , 1, 16
2021/11/11, 165, 58, , 1, 16
2021/11/12, 137, 56, , 1, 14
2021/11/13, 108, 74, , 1, 12
2021/11/14, 116, 31, , 1, 6
2021/11/15, 63, 39, 8, 1, 8
2021/11/16, 123, 47, 23, 2, 11
2021/11/17, 91, 35, 17, 1, 8
2021/11/18, 69, 36, 23, 1, 7
2021/11/19, 94, 59, 36, 1, 13
2021/11/20, 142, 18, 34, 1, 11
2021/11/21, 76, 33, 39, 1, 10
2021/11/22, 83, 74, 62, 2, 22
2021/11/23, 119, 51, 53, 2, 18
2021/11/24, 123, 55, 52, 2, 20
2021/11/25, 115, 21, 17, 1, 4
2021/11/26, 60, 66, 17, 1, 6
2021/11/27, 87, 65, 31, 1, 13
2021/11/28, 149, 41, 46, 2, 17
2021/11/29, 112, 113, 62, 2, 24
2021/11/30, 137, 58, 48, 2, 17
2021/12/1, 136, 60, , 2, 19
2021/12/2, 108, 64, , 2, 21
2021/12/3, 133, 84, , 2, 22
2021/12/4, 130, 76, , 2, 16
2021/12/5, 171, 64, , 2, 11
2021/12/6, 117, 58, , 2, 12
2021/12/7, 166, 41, , 1, 8
2021/12/8, 98, 37, 9, 1, 5
2021/12/9, 74, 75, 32, 1, 18
2021/12/10, 150, 51, 36, 2, 19
2021/12/11, 151, 53, 29, 2, 12
2021/12/12, 131, 45, 29, 2, 14
2021/12/13, 166, 67, 32, 1, 13
2021/12/14, 131, 101, 32, 1, 12
2021/12/15, 166, 63, 27, 1, 12
2021/12/16, 139, 71, 43, 2, 21
2021/12/17, 154, 67, 47, 2, 23
2021/12/18, 103, 50, 39, 2, 13
2021/12/19, 64, 45, 33, 1, 13
2021/12/20, 69, 68, 46, 1, 20
2021/12/21, 96, 48, 35, 2, 16
2021/12/22, 85, 79, 44, 2, 18
2021/12/23, 119, 53, 23, 2, 7
2021/12/24, 110, 89, 24, 1, 14
2021/12/25, 135, 91, 27, 2, 20
2021/12/26, 154, 19, 20, 1, 5
2021/12/27, 56, 37, 25, 1, 8
2021/12/28, 77, 88, 50, 1, 24
2021/12/29, 150, 56, 39, 1, 13
2021/12/30, 105, 84, 44, 2, 17
2021/12/31, 159, 122, 50, 2, 16
2022/1/1, 106, 98, 53, 1, 14
2022/1/2, 130, 63, 47, 2, 12
2021/7/8, 46, 31, 27, 1, 4
2021/7/9, 64, 37, 23, 1, 5
2021/7/10, 91, 54, 15, 1, 5
2021/7/11, 78, 37, 13, 1, 3
2021/7/12, 63, 29, 19, 1, 5
2021/7/13, 44, 24, 25, 1, 4
2021/7/14, 41, 19, 15, 1, 4
2021/7/15, 47, 18, 22, 1, 6
2021/7/16, 42, 15, 23, 1, 6
2021/7/17, 21, 13, 16, 1, 3
2021/7/18, 26, 19, 24, 1, 3
2021/7/19, 17, 17, 26, 1, 4
2021/7/20, 20, 6, 22, 1, 4
2021/7/21, 29, 13, 28, 1, 4
2021/7/22, 28, 13, 20, 1, 4
2021/7/23, 45, 25, 26, 1, 4
2021/7/24, 51, 21, 26, 1, 4
2021/7/25, 47, 17, 25, 1, 4
2021/7/26, 33, 11, 27, 1, 5
2021/7/27, 44, 20, 15, 1, 4
2021/7/28, 36, 20, 19, 1, 5
2021/7/29, 36, 11, 20, 1, 5
2021/7/30, 41, 14, 19, 1, 3
2021/7/31, 25, 15, 21, 1, 4
2021/8/1, 30, 13, 24, 1, 4
2021/8/3, 24, 3, 22, 1, 4
2021/8/4, 22, 20, , 1, 4
2021/8/5, 39, 19, , 1, 5
2021/8/6, 39, 14, , 2, 4
2021/8/7, 40, 18, , 2, 3
2021/8/8, 36, 13, , 1, 4
2021/8/9, 34, 17, , 1, 4
2021/8/10, 37, 12, , 1, 3
2021/8/11, 32, 15, , 1, 3
2021/8/12, 29, 14, , 2, 4
2021/8/13, 57, 26, , 1, 4
2021/8/14, 53, 26, , 1, 5
2021/8/15, 38, 15, , 1, 5
2021/8/16, 50, 24, , 1, 5
2021/8/17, 40, 27, , 1, 6
2021/8/18, 44, 28, 13, 1, 5
2021/8/19, 48, 22, 31, 1, 7
2021/8/20, 45, 31, 32, 1, 10
2021/8/23, 56, 23, 32, 2, 8
2021/8/24, 40, 22, 27, 2, 6
2021/8/25, 35, 15, 28, 1, 7
2021/8/26, 45, 19, 30, 1, 5
2021/8/27, 46, 13, 27, 1, 5
2021/8/28, 32, 19, 22, 1, 4
2021/8/29, 33, 16, 23, 1, 4
2021/8/30, 33, 14, 20, 1, 4
2021/8/31, 40, 19, 25, 1, 4
2021/9/1, 39, 16, 23, 1, 6
2021/9/2, 40, 16, 21, 2, 4
2021/9/3, 41, 20, 18, 2, 5
2021/9/10, 40, 21, 24, 2, 6
2021/9/11, 43, 25, 26, 1, 6
2021/9/12, 40, 14, 18, 1, 3
2021/9/13, 34, 20, 22, 1, 4
2021/9/14, 79, 22, 30, 1, 6
2021/9/15, 60, 23, 37, 2, 7
2021/9/16, 51, 29, 32, 2, 5
2021/9/17, 36, 25, 4, 2, 5
2021/9/18, 49, 15, , 2, 5
2021/9/19, 54, 9, , 1, 4
2021/9/20, 52, 15, , 2, 4
2021/9/21, 46, 26, , 2, 5
2021/9/22, 48, 22, , 2, 5
2021/9/23, 61, 29, , 2, 6
2021/9/24, 48, 21, , 2, 5
2021/9/25, 56, 23, , 1, 5
2021/9/26, 58, 24, , 1, 6
2021/9/27, 88, 43, , 1, 4
2021/9/28, 97, , , 1, 5
2021/9/29, 64, , , 1, 5
2021/9/30, 51, 28, 18, 2, 6
2021/4/1, 48, 19, 21, 1, 6
2021/4/2, 45, 39, 28, 1, 8
2021/4/3, 84, 31, 39, 1, 8
2021/4/4, 68, 16, 16, 1, 4
2021/4/5, 41, 36, 24, 1, 6
2021/4/6, 57, 31, 23, 1, 6
2021/4/7, 64, 24, 30, 1, 6
2021/4/8, 64, 31, 37, 1, 6
2021/4/9, 62, 28, 36, 1, 7
2021/4/10, 70, 29, 35, 1, 6
2021/4/11, 64, 30, 39, 1, 5
2021/4/12, 71, 25, 32, 1, 5
2021/4/13, 55, 38, 32, 1, 3
2021/4/14, 76, 40, 44, 1, 6
2021/4/15, 102, 36, 33, 1, 6
2021/4/16, 81, 25, 28, 1, 6
2021/4/17, 56, 16, 25, 1, 4
2021/4/18, 56, 14, 14, 1, 2
2021/4/19, 30, 17, 33, 1, 5
2021/4/20, 48, 14, 10, 1, 3
2021/4/21, 41, 30, 18, 1, 5
2021/4/22, 56, 22, 17, 1, 5
2021/4/23, 49, 29, 21, 2, 3
2021/4/24, 74, 52, 39, 1, 8
2021/4/25, 115, 28, 22, 2, 6
2021/4/26, 58, 35, 24, 2, 8
2021/4/27, 68, 30, 23, 2, 9
2021/4/28, 66, 24, 28, 1, 5
2021/4/29, 61, 25, 18, 1, 5
2021/4/30, 56, 14, 8, 1, 3
2021/5/1, 44, 39, 14, 1, 5
2021/5/2, 70, 23, 13, 1, 5
2021/5/3, 54, 27, 25, 1, 7
2021/5/4, 58, 45, 38, 1, 8
2021/5/5, 90, 38, 17, 1, 4
2021/5/6, 74, 22, 14, 1, 3
2021/5/7, 53, 17, 15, 1, 5
2021/5/8, 38, 20, 15, 1, 3
2021/5/9, 40, 37, 12, 1, 4
2021/5/10, 57, 16, 16, 1, 2
2021/5/11, 31, 11, 19, 1, 4
2021/5/12, 26, 19, 19, 1, 5
2021/5/13, 38, 22, 22, 2, 5
2021/5/14, 51, 23, 15, 1, 4
2021/5/15, 36, 19, 15, 1, 3
2021/5/16, 40, 21, 20, 1, 6
2021/5/17, 45, 20, 24, 1, 5
2021/5/18, 39, 18, 25, 2, 6
2021/5/19, 43, 13, 16, 1, 5
2021/5/20, 38, 16, 18, 1, 4
2021/5/21, 30, 18, 23, 1, 4
2021/5/22, 35, 26, 26, 2, 4
2021/5/23, 38, 45, 36, 1, 5
2021/5/24, 65, 20, 23, 1, 5
2021/5/25, 50, 20, 30, 2, 7
2021/5/26, 56, 19, 23, 1, 7
2021/5/27, 54, 21, 23, 1, 5
2021/5/28, 56, 20, 18, 1, 3
2021/5/29, 50, 17, 20, 1, 3
2021/5/30, 45, 12, 25, 1, 3
2021/5/31, 50, 9, 22, 1, 4
2021/6/1, 39, 21, 25, 1, 5
2021/6/2, 43, 14, 19, 1, 3
2021/6/3, 36, 11, 18, 1, 5
2021/6/4, 24, 16, 14, 1, 2
2021/6/5, 14, 23, 13, 2, 3
2021/6/7, 41, 31, 22, 1, 5
2021/6/8, 70, 23, 19, 1, 3
2021/6/9, 49, 12, 14, 1, 2
2021/6/10, 35, , 20, 1, 4
2021/6/11, 28, , 17, 1, 5
2021/6/12, 37, , 12, 1, 4
2021/6/13, 27, , 15, 1, 3
2021/6/14, 19, 12, 13, 1, 3
2021/6/15, 31, 12, 18, 1, 6
2021/6/16, 29, 11, 22, 1, 4
2021/6/17, 26, 10, 19, 1, 3
2021/6/18, 30, 8, 15, 1, 3
2021/6/19, 26, 20, 9, 2, 3
2021/6/20, 40, 19, 16, 1, 4
2021/6/21, 51, 16, 10, 1, 1
2021/6/22, 40, 12, 16, 1, 4
2021/1/4, 193, 123, , 1, 21
2021/1/5, 191, 120, , 1, 21
2021/1/6, 209, 157, , 1, 18
2021/1/7, 202, 154, , 1, 19
2021/1/8, 228, 172, , 1, 20
2021/1/9, 221, 71, , 1, 19
2021/1/10, 235, 64, , 1, 21
2021/1/11, 171, 46, , 1, 14
2021/1/12, 132, 43, 2, 1, 5
2021/1/13, 98, 54, 13, 1, 4
2021/1/14, 89, 109, 29, 1, 18
2021/1/15, 178, 55, 24, 1, 19
2021/1/16, 211, 126, 17, 1, 21
2021/1/17, 151, 56, 21, 1, 20
2021/1/18, 207, 35, 20, 1, 15
2021/1/19, 203, 42, 17, 1, 10
2021/1/20, 105, 82, 24, 1, 20
2021/1/21, 159, 14, 21, 1, 6
2021/1/22, 62, 28, 21, 1, 2
2021/1/23, 57, 20, 21, 1, 4
2021/1/24, 54, 119, 25, 1, 14
2021/1/25, 176, 105, , 2, 14
2021/1/26, 177, 106, , 1, 21
2021/1/27, 192, 106, 2, 1, 18
2021/1/28, 194, 173, , 1, 27
2021/1/29, 245, 144, , 1, 24
2021/1/30, 219, 89, , 1, 13
2021/1/31, 176, 39, , 2, 13
2021/2/1, 113, 74, , 1, 11
2021/2/2, 107, 80, , 1, 24
2021/2/3, 187, 71, , 1, 16
2021/2/4, 165, 46, , 1, 12
2021/2/5, 117, 69, , 1, 14
2021/2/6, 148, 34, , 1, 9
2021/2/7, 139, 47, , 1, 18
2021/2/8, 142, 26, , 1, 5
2021/2/9, 55, 64, , 1, 17
2021/2/10, 109, 112, , 1, 30
2021/2/11, 191, 99, , 1, 25
2021/2/12, 175, 73, , 1, 11
2021/2/13, 137, 82, , 1, 10
2021/2/14, 130, 99, , 1, 26
2021/2/15, 169, 53, , 1, 14
2021/2/16, 132, 65, , 1, 17
2021/2/17, 119, 76, , 1, 16
2021/2/18, 133, 59, , 1, 15
2021/2/19, 113, 35, , 1, 5
2021/2/20, 93, 50, , 1, 6
2021/2/21, 80, 73, , 1, 12
2021/2/22, 126, 70, 15, 1, 13
2021/2/23, 154, 45, 14, 1, 7
2021/2/24, 97, 18, , 1, 3
2021/2/25, 51, 42, , 1, 8
2021/2/26, 90, 98, , 2, 15
2021/2/27, 163, 82, , 2, 13
2021/2/28, 136, 45, , 2, 15
2021/3/1, 144, 32, , 2, 11
2021/3/2, 81, 26, , 1, 5
2021/3/3, 62, 51, , 2, 9
2021/3/4, 92, 25, , 1, 8
2021/3/5, 69, 38, , 2, 10
2021/3/6, 95, 24, , 2, 6
2021/3/7, 78, 37, , 2, 8
2021/3/8, 106, 48, 1, 1, 10
2021/3/9, 109, 46, , 2, 9
2021/3/10, 94, 30, , 1, 11
2021/3/11, 71, 39, , 2, 12
2021/3/12, 92, 27, , 1, 7
2021/3/13, 54, 36, , 1, 5
2021/3/14, 77, 38, , 1, 3
2021/3/15, 63, 64, , 1, 6
2021/3/16, 99, 53, , 1, 6
2021/3/17, 94, 46, 8, 1, 7
2021/3/18, 95, 55, 29, 1, 13
2021/3/19, 116, 42, 26, 1, 11
2021/3/20, 96, 36, 17, 1, 8
2021/3/21, 86, 31, 19, 1, 8
2021/3/22, 88, 41, 26, 1, 8
2021/3/23, 93, 28, 11, 1, 5
2021/3/24, 51, 32, 24, 1, 10
2021/3/25, 70, 13, 21, 1, 6
2021/3/26, 63, 26, 14, 1, 3
2021/3/27, 53, 10, 13, 1, 3
2021/3/28, 29, 16, 21, 1, 4
2021/3/29, 43, 13, 18, 1, 4
2021/3/30, 37, 24, 20, 1, 5
2021/3/31, 52, 15, 20, 1, 5
2020/10/1, 73, , , , 
2020/10/2, 85, , , , 
2020/10/3, 77, , , , 
2020/10/4, 56, , , , 
2020/10/5, 52, , , , 
2020/10/6, 53, , , , 
2020/10/7, 77, , , , 
2020/10/8, 78, , , , 
2020/10/9, 64, , , , 
2020/10/10, 75, , , , 
2020/10/11, 92, , , , 
2020/10/12, 104, , , , 
2020/10/13, 92, , , , 
2020/10/14, 98, , , , 
2020/10/15, 99, , , , 
2020/10/16, 104, , , , 
2020/10/17, 91, , , , 
2020/10/19, 72, , , , 
2020/10/20, 115, , , , 
2020/10/21, 83, , , , 
2020/10/22, 81, , , , 
2020/10/23, 89, , , , 
2020/10/24, 48, , , , 
2020/10/25, 41, , , , 
2020/10/26, 115, , , , 
2020/10/27, 94, , , , 
2020/10/28, 85, , , , 
2020/10/29, 78, , , , 
2020/10/30, 117, , , , 
2020/10/31, 103, , , , 
2020/11/1, 159, , , , 
2020/11/2, 127, , , , 
2020/11/3, 103, , , , 
2020/11/4, 84, , , , 
2020/11/5, 129, , , , 
2020/11/6, 138, , , , 
2020/11/7, 113, , , , 
2020/11/8, 104, , , , 
2020/11/9, 78, , , , 
2020/11/10, 52, , , , 
2020/11/11, 101, , , , 
2020/11/12, 70, , , , 
2020/11/13, 79, , , , 
2020/11/14, 113, , , , 
2020/11/15, 98, 41, , 30, 2
2020/11/16, 46, 14, , 40, 
2020/11/17, 65, 11, , 43, 
2020/11/18, 69, 13, 1, 29, 
2020/11/19, 62, 26, , 2, 
2020/11/20, 90, 53, , 3, 2
2020/11/21, 119, 156, , 4, 14
2020/11/22, 174, 80, , 5, 8
2020/11/23, 168, 120, , 5, 11
2020/11/24, 182, 130, , 5, 14
2020/11/25, 199, 110, , 8, 19
2020/11/26, 134, 127, 14, 7, 12
2020/11/27, 189, 58, 9, , 4
2020/11/28, 102, 25, , , 1
2020/11/29, 48, 48, , , 3
2020/11/30, 129, 62, , , 2
2020/12/1, 152, 122, , , 12
2020/12/2, 180, 142, , , 27
2020/12/3, 193, , , , 29
2020/12/4, 149, , , , 4
2020/12/5, 121, , , , 4
2020/12/6, 168, 74, 11, 1, 5
2020/12/7, 143, 73, 13, 3, 6
2020/12/8, 151, 101, , 17, 13
2020/12/9, 180, 189, , 7, 27
2020/12/10, 223, 70, , 5, 9
2020/12/11, 193, 72, , 6, 5
2020/12/12, 166, 55, , 7, 1
2020/12/13, 144, 57, , 7, 1
2020/12/14, 155, 59, , 8, 
2020/12/15, 142, 78, , 9, 
2020/12/16, 152, 103, , 11, 2
2020/12/17, 172, 176, , 14, 12
2020/12/18, 230, 223, , 18, 34
2020/12/19, 168, 97, 6, 7, 13
2020/12/20, 101, 33, 11, 1, 5
2020/12/21, 76, 88, 20, 2, 29
2020/12/22, 181, 99, 35, 2, 36
2020/12/23, 243, 113, 38, 1, 25
2020/12/24, 289, 111, 37, 2, 25
2020/12/25, 246, 109, 35, 2, 19
2020/12/26, 199, 105, 32, 1, 17
2020/12/27, 157, 145, 45, 2, 30
2020/12/28, 232, 53, 10, 2, 14
2020/12/29, 180, , , 1, 30
2020/12/30, 249, 147, 2, 1, 19
2020/12/31, 204, 172, , 1, 16
2021/1/1, 214, 93, , 1, 8
2021/1/2, 166, 121, , 1, 14
2021/1/3, 178, 147, , 1, 18
2020/7/1, 31, , , , 
2020/7/2, 47, , , , 
2020/7/3, 37, , , , 
2020/7/4, 30, , , , 
2020/7/5, 35, , , , 
2020/7/6, 26, , , , 
2020/7/7, 20, , , , 
2020/7/8, 47, , , , 
2020/7/9, 37, , , , 
2020/7/10, 32, , , , 
2020/7/11, 19, , , , 
2020/7/12, 22, , , , 
2020/7/13, 37, , , , 
2020/7/14, 38, , , , 
2020/7/15, 31, , , , 
2020/7/16, 40, , , , 
2020/7/17, 24, , , , 
2020/7/18, 31, , , , 
2020/7/19, 19, , , , 
2020/7/20, 33, , , , 
2020/7/21, 26, , , , 
2020/7/22, 25, , , , 
2020/7/23, 32, , , , 
2020/7/24, 47, , , , 
2020/7/25, 24, , , , 
2020/7/26, 30, , , , 
2020/7/27, 33, , , , 
2020/7/28, 31, , , , 
2020/7/29, 20, , , , 
2020/7/30, 23, , , , 
2020/7/31, 47, , , , 
2020/8/1, 36, , , , 
2020/8/2, 37, , , , 
2020/8/3, 37, , , , 
2020/8/4, 35, , , , 
2020/8/5, 35, , , , 
2020/8/6, 43, , , , 
2020/8/7, 57, , , , 
2020/8/8, 54, , , , 
2020/8/9, 47, , , , 
2020/8/10, 30, , , , 
2020/8/11, 31, , , , 
2020/8/12, 46, , , , 
2020/8/13, 40, , , , 
2020/8/14, 43, , , , 
2020/8/15, 51, , , , 
2020/8/16, 53, , , , 
2020/8/17, 52, , , , 
2020/8/18, 42, , , , 
2020/8/19, 34, , , , 
2020/8/20, 49, , , , 
2020/8/21, 31, , , , 
2020/8/22, 41, , , , 
2020/8/23, 45, , , , 
2020/8/24, 82, , , , 
2020/8/25, 78, , , , 
2020/8/26, 74, , , , 
2020/8/27, 41, , , , 
2020/8/28, 26, , , , 
2020/8/29, 40, , , , 
2020/8/30, 49, , , , 
2020/8/31, 61, , , , 
2020/9/1, 63, , , , 
2020/9/2, 48, , , , 
2020/9/3, 41, , , , 
2020/9/4, 25, , , , 
2020/9/5, 53, , , , 
2020/9/6, 48, , , , 
2020/9/7, 34, , , , 
2020/9/8, 51, , , , 
2020/9/9, 56, , , , 
2020/9/10, 51, , , , 
2020/9/11, 58, , , , 
2020/9/12, 62, , , , 
2020/9/13, 48, , , , 
2020/9/14, 59, , , , 
2020/9/15, 41, , , , 
2020/9/16, 66, , , , 
2020/9/17, 57, , , , 
2020/9/18, 33, , , , 
2020/9/19, 44, , , , 
2020/9/20, 35, , , , 
2020/9/21, 26, , , , 
2020/9/22, 45, , , , 
2020/9/23, 61, , , , 
2020/9/24, 55, , , , 
2020/9/25, 51, , , , 
2020/9/26, 37, , , , 
2020/9/27, 48, , , , 
2020/9/28, 46, , , , 
2020/9/29, 54, , , , 
2020/9/30, 69, , , , 
2020/4/1, 73, , , , 
2020/4/2, 27, , , , 
2020/4/3, 76, , , , 
2020/4/4, 48, , , , 
2020/4/5, 43, , , , 
2020/4/6, 49, , , , 
2020/4/7, 59, , , , 
2020/4/8, 48, , , , 
2020/4/9, 34, , , , 
2020/4/10, 39, , , , 
2020/4/11, 93, , , , 
2020/4/12, 73, , , , 
2020/4/13, 44, , , , 
2020/4/14, 42, , , , 
2020/4/15, 29, , , , 
2020/4/16, 56, , , , 
2020/4/17, 68, , , , 
2020/4/18, 42, , , , 
2020/4/19, 38, , , , 
2020/4/20, 39, , , , 
2020/4/21, 54, , , , 
2020/4/22, 30, , , , 
2020/4/23, 32, , , , 
2020/4/24, 32, , , , 
2020/4/25, 42, , , , 
2020/4/26, 57, , , , 
2020/4/27, 59, , , , 
2020/4/28, 63, , , , 
2020/4/29, 33, , , , 
2020/4/30, 19, , , , 
2020/5/1, 17, , , , 
2020/5/2, 44, , , , 
2020/5/3, 31, , , , 
2020/5/4, 17, , , , 
2020/5/5, 31, , , , 
2020/5/6, 29, , , , 
2020/5/7, 45, , , , 
2020/5/8, 30, , , , 
2020/5/9, 32, , , , 
2020/5/10, 30, , , , 
2020/5/11, 26, , , , 
2020/5/12, 40, , , , 
2020/5/13, 29, , , , 
2020/5/14, 41, , , , 
2020/5/15, 21, , , , 
2020/5/16, 50, , , , 
2020/5/17, 49, , , , 
2020/5/18, 62, , , , 
2020/5/19, 27, , , , 
2020/5/20, 26, , , , 
2020/5/21, 47, , , , 
2020/5/22, 34, , , , 
2020/5/23, 32, , , , 
2020/5/24, 36, , , , 
2020/5/25, 44, , , , 
2020/5/26, 67, , , , 
2020/5/27, 47, , , , 
2020/5/28, 47, , , , 
2020/5/29, 38, , , , 
2020/5/30, 35, , , , 
2020/5/31, 24, , , , 
2020/6/1, 50, , , , 
2020/6/2, 53, , , , 
2020/6/8, 35, , , , 
2020/6/9, 28, , , , 
2020/6/10, 30, , , , 
2020/6/11, 33, , , , 
2020/6/12, 36, , , , 
2020/6/15, 55, , , , 
2020/6/16, 24, , , , 
2020/6/17, 36, , , , 
2020/6/18, 45, , , , 
2020/6/19, 36, , , , 
2020/6/20, 40, , , , 
2020/6/21, 37, , , , 
2020/6/22, 56, , , , 
2020/6/23, 39, , , , 
2020/6/24, 31, , , , 
2020/6/25, 35, , , , 
2020/6/26, 40, , , , 
2020/6/27, 41, , , , 
2020/6/28, 37, , , , 
2020/6/29, 25, , , , 
2020/6/30, 51, , , , 
2020/2/10, 17, , , , 
2020/2/11, 54, , , , 
2020/2/12, 167, , , , 
2020/2/13, 88, , , , 
2020/2/14, 89, , , , 
2020/2/15, 134, , , , 
2020/2/16, 77, , , , 
2020/2/17, 94, , , , 
2020/2/18, 104, , , , 
2020/2/19, 86, , , , 
2020/2/20, 152, , , , 
2020/2/21, 161, , , , 
2020/2/22, 81, , , , 
2020/2/23, 64, , , , 
2020/2/24, 132, , , , 
2020/2/25, 103, , , , 
2020/2/26, 100, , , , 
2020/2/27, 67, , , , 
2020/2/28, 51, , , , 
2020/2/29, 55, , , , 
2020/3/2, 106, , , , 
2020/3/3, 70, , , , 
2020/3/4, 99, , , , 
2020/3/5, 111, , , , 
2020/3/6, 49, , , , 
2020/3/7, 48, , , , 
2020/3/8, 103, , , , 
2020/3/9, 133, , , , 
2020/3/10, 75, , , , 
2020/3/11, 63, , , , 
2020/3/12, 117, , , , 
2020/3/13, 99, , , , 
2020/3/14, 104, , , , 
2020/3/15, 125, , , , 
2020/3/16, 83, , , , 
2020/3/17, 64, , , , 
2020/3/18, 74, , , , 
2020/3/19, 78, , , , 
2020/3/20, 75, , , , 
2020/3/21, 91, , , , 
2020/3/22, 20, , , , 
2020/3/27, 114, , , , 
2020/3/28, 99, , , , 
2020/3/29, 50, , , , 
2020/3/30, 76, , , , 
2020/3/31, 81, , , , 
2024/10/1, , 23, 117, 2, 7
2024/10/2, , 15, 110, 1, 6
2024/10/3, , 30, 125, 2, 6
2024/10/4, , 22, 51, 2, 6
2024/10/5, , 17, , 2, 2
2024/10/6, , 17, , 2, 2
2024/10/7, , 10, , 2, 4
2024/10/8, , 27, 108, 2, 1
2024/1/11, , 37, , 1, 8
2024/1/12, , 67, , 1, 13
2024/1/13, , 62, , 1, 10
2024/1/14, , 24, , 1, 3
2024/1/15, , 45, , 1, 5
2023/9/27, , 1, 16, 1, 8
2023/9/28, , 1, 13, 1, 5
2023/9/29, , 1, 10, 1, 7
2022/12/6, , 111, , 1, 11
2022/12/7, , 112, , 1, 11
2022/12/8, , 47, , 1, 5
2022/12/9, , 65, , 1, 15
2022/12/10, , 91, , 1, 19
2022/12/11, , 126, , 1, 25
2022/12/12, , 154, 10, 1, 18
2022/7/1, , 14, 19, 2, 4
2022/7/2, , 11, 23, 2, 3
2022/7/3, , 11, 23, 2, 3
2022/7/4, , 22, 22, 2, 3
2022/7/5, , 22, 20, 2, 4
2022/7/6, , 21, 17, 1, 1
2022/7/7, , 17, 24, 1, 3
2022/7/8, , 29, 24, 2, 5
2022/7/9, , 13, 16, 2, 3
2022/7/10, , 11, 15, 1, 3
2022/7/11, , 14, 19, 1, 5
2022/7/12, , 12, 18, 2, 4
2022/7/13, , 15, 5, 2, 5
2022/7/14, , 15, , 2, 4
2022/7/15, , 23, , 2, 6
2022/7/16, , 17, , 2, 5
2022/7/17, , 11, , 2, 4
2022/7/18, , 17, , 2, 4
2022/7/19, , 18, , 2, 8
2022/7/20, , 17, , 1, 6
2022/7/21, , 25, 7, 1, 6
2022/7/22, , 34, 25, 2, 7
2022/7/23, , 24, 26, 1, 5
2022/7/24, , 16, , 2, 6
2022/7/25, , 21, , 2, 4
2022/7/26, , 25, , 2, 8
2022/7/27, , 22, , 1, 11
2022/7/28, , 26, 20, 1, 3
2022/7/29, , 25, 24, 2, 4
2022/7/30, , 17, 22, 1, 4
2022/7/31, , 13, 21, 2, 4
2022/8/1, , 17, 24, 2, 3
2022/8/2, , 15, 24, 2, 4
2022/8/3, , 20, 32, 1, 3
2022/8/4, , 21, 28, 1, 5
2022/8/5, , 14, 34, 2, 5
2022/8/6, , 19, 32, 2, 5
2022/8/7, , 16, 26, 2, 3
2022/8/8, , 19, 24, 1, 3
2022/8/9, , 10, 19, 1, 3
2022/8/10, , 21, 22, 1, 4
2022/8/11, , 24, 31, 2, 5
2022/8/12, , 26, 31, 1, 4
2022/8/13, , 26, 6, 2, 5
2022/8/14, , 22, , 1, 3
2022/8/15, , 15, , 1, 5
2022/8/16, , 16, , 2, 4
2022/8/17, , 12, , 2, 5
2022/8/18, , 11, , 2, 6
2022/8/19, , 11, , 2, 5
2022/8/20, , 11, , 1, 3
2022/8/21, , 9, , 1, 4
2022/8/22, , 14, , 1, 4
2022/8/23, , 16, , 2, 4
2022/8/24, , 15, , 2, 5
2022/8/25, , 24, , 2, 4
2022/8/26, , 21, , 1, 7
2022/8/27, , 14, 5, 1, 5
2022/8/28, , 11, 34, 2, 5
2022/8/29, , 29, 29, 1, 4
2022/8/30, , 19, 36, 2, 6
2022/8/31, , 14, 41, 2, 6
2022/9/1, , 14, 51, 3, 7
2022/9/2, , 9, 53, 2, 7
2022/9/3, , 15, 53, 2, 5
2022/9/4, , 12, 46, 2, 6
2022/9/5, , 21, 60, 2, 7
2022/5/2, , 21, 23, 2, 5
2022/5/3, , 28, 18, 2, 5
2022/5/4, , 11, 19, 2, 6
2022/5/5, , 18, 19, 2, 6
2022/5/6, , 22, 19, 2, 7
2022/5/7, , 18, 23, 2, 5
2022/5/8, , 32, 21, 2, 6
2022/5/9, , 18, 21, 2, 5
2022/5/10, , 11, 17, 2, 5
2022/5/11, , 13, 19, 2, 6
2022/5/12, , 26, 32, 2, 6
2022/5/13, , 22, 18, 1, 5
2022/5/14, , 15, 13, 2, 4
2022/5/15, , 19, 24, 2, 5
2022/5/16, , 21, 30, 2, 7
2022/5/17, , 15, 27, 2, 7
2022/5/18, , 16, 20, 1, 6
2022/5/19, , 22, 26, 2, 7
2022/5/20, , 19, 20, 1, 4
2022/5/21, , 12, 17, 1, 4
2022/5/22, , 16, 14, 2, 4
2022/5/23, , 33, 27, 2, 8
2022/5/24, , 32, 27, 2, 7
2022/5/25, , 28, 30, 2, 6
2022/5/26, , 19, 28, 2, 8
2022/5/27, , 18, 15, 1, 3
2022/5/28, , 16, 15, 1, 4
2022/5/29, , 28, 22, 1, 6
2022/5/30, , 11, 19, 1, 4
2022/5/31, , 9, 16, 2, 3
2022/6/1, , 12, 16, 2, 4
2022/6/2, , 11, 20, 2, 5
2022/6/3, , 10, 14, 2, 4
2022/6/4, , 6, 21, 2, 5
2022/6/5, , 10, 24, 1, 6
2022/6/6, , 13, 22, 2, 5
2022/6/7, , 17, 26, 2, 6
2022/6/8, , 17, 30, 1, 5
2022/6/9, , 22, 32, 1, 4
2022/6/10, , 21, 30, 1, 6
2022/6/11, , 20, 24, 1, 5
2022/6/12, , 20, 19, 2, 5
2022/6/13, , 12, 17, 2, 5
2022/6/14, , 13, 22, 2, 5
2022/6/15, , 13, 24, 2, 6
2022/6/16, , 16, 30, 2, 7
2022/6/17, , 14, 32, 2, 5
2022/6/18, , 16, 18, 1, 3
2022/6/19, , 16, 31, 2, 6
2022/6/20, , 23, 16, 1, 4
2022/6/21, , 16, 19, 2, 4
2022/6/22, , 18, 17, 1, 5
2022/6/23, , 13, 18, 1, 5
2022/6/24, , 16, 15, 1, 5
2022/6/25, , 14, 19, 1, 4
2022/6/26, , 14, 28, 2, 5
2022/6/27, , 13, 17, 2, 3
2022/6/28, , 22, 21, 1, 4
2022/6/29, , 25, 22, 1, 5
2022/6/30, , 16, 18, 2, 4
2021/10/11, , 36, , 1, 5
2021/10/12, , 37, , 1, 10
2021/10/13, , 60, , 2, 10
2021/10/14, , 67, , 2, 13
2021/10/15, , 49, , 2, 9
2021/10/16, , 35, , 2, 8
2021/10/17, , 48, , 2, 11
2021/10/18, , 63, 12, 2, 13
2021/10/19, , 42, 36, 2, 13
2021/10/20, , 52, 10, 2, 8
2021/10/21, , 27, 14, 1, 3
2021/10/22, , 26, 14, 1, 6
2021/10/23, , 54, 27, 1, 11
2021/10/24, , 61, 28, 1, 9
2021/10/25, , 33, 36, 1, 11
2021/10/26, , 28, 28, 1, 7
2021/10/27, , 44, 37, 1, 12
2021/10/28, , 43, 28, 1, 8
2021/10/29, , 26, 16, 1, 5
2021/10/30, , 43, 28, 1, 8
2021/10/31, , 53, 31, 1, 9
2021/11/1, , 40, 41, 1, 11
2021/11/2, , 22, 27, 1, 5
2021/11/3, , 17, 12, 1, 4
2021/7/1, , 29, 26, 1, 7
2021/7/2, , 23, 23, 1, 4
2021/7/3, , 8, 17, 1, 3
2021/7/4, , 8, 17, 1, 3
2021/7/5, , 23, 21, 1, 5
2021/7/6, , 22, 23, 1, 4
2021/7/7, , 30, 22, 1, 4
2021/8/2, , 14, 27, 2, 3
2021/8/21, , 20, 16, 1, 5
2021/8/22, , 18, 17, 2, 5
2021/9/4, , 25, 26, 2, 5
2021/9/5, , 18, 33, 3, 5
2021/9/6, , 30, 46, 2, 7
2021/9/7, , 33, 46, 2, 6
2021/9/9, , 22, 19, 1, 2
2021/6/6, , 20, 19, 1, 4
2021/6/23, , 16, 16, 2, 3
2021/6/24, , 25, 13, 1, 3
2021/6/25, , 22, 16, 1, 3
2021/6/26, , 7, 14, 1, 4
2021/6/27, , 17, 24, 2, 5
2021/6/28, , 13, 20, 1, 4
2021/6/29, , 28, 26, 1, 5
2021/6/30, , 31, 26, 2, 4
2023/9/26, , , 13, 1, 8
2021/9/8, , , 35, 2, 5